Id,Category
100-1.jpg,3
100-10.jpg,3
100-2.jpg,3
100-3.jpg,1
100-4.jpg,2
100-5.jpg,3
100-6.jpg,3
100-7.jpg,3
100-8.jpg,3
100-9.jpg,3
10-1.jpg,1
10-10.jpg,2
101-1.jpg,2
101-10.jpg,2
101-2.jpg,2
101-3.jpg,3
101-4.jpg,3
101-5.jpg,2
101-6.jpg,3
101-7.jpg,3
101-8.jpg,2
101-9.jpg,2
10-2.jpg,2
102-1.jpg,2
102-10.jpg,1
102-2.jpg,3
102-3.jpg,2
102-4.jpg,2
102-5.jpg,1
102-6.jpg,1
102-7.jpg,2
102-8.jpg,1
102-9.jpg,2
10-3.jpg,1
103-1.jpg,2
103-10.jpg,1
103-2.jpg,2
103-3.jpg,2
103-4.jpg,1
103-5.jpg,1
103-6.jpg,2
103-7.jpg,3
103-8.jpg,2
103-9.jpg,2
10-4.jpg,1
104-1.jpg,4
104-10.jpg,3
104-2.jpg,3
104-3.jpg,3
104-4.jpg,3
104-5.jpg,3
104-6.jpg,3
104-7.jpg,3
104-8.jpg,3
104-9.jpg,3
10-5.jpg,2
105-1.jpg,2
105-10.jpg,2
105-2.jpg,1
105-3.jpg,1
105-4.jpg,2
105-5.jpg,1
105-6.jpg,2
105-7.jpg,1
105-8.jpg,2
105-9.jpg,1
10-6.jpg,1
106-1.jpg,2
106-10.jpg,2
106-2.jpg,2
106-3.jpg,2
106-4.jpg,1
106-5.jpg,2
106-6.jpg,2
106-7.jpg,2
106-8.jpg,1
106-9.jpg,1
10-7.jpg,1
107-1.jpg,2
107-10.jpg,2
107-2.jpg,2
107-3.jpg,1
107-4.jpg,2
107-5.jpg,1
107-6.jpg,2
107-7.jpg,1
107-8.jpg,2
107-9.jpg,2
10-8.jpg,1
108-1.jpg,2
108-10.jpg,2
108-2.jpg,3
108-3.jpg,1
108-4.jpg,1
108-5.jpg,2
108-6.jpg,3
108-7.jpg,1
108-8.jpg,3
108-9.jpg,3
10-9.jpg,1
109-1.jpg,4
109-10.jpg,4
109-2.jpg,4
109-3.jpg,4
109-4.jpg,4
109-5.jpg,3
109-6.jpg,4
109-7.jpg,2
109-8.jpg,4
109-9.jpg,4
1-1.jpg,3
1-10.jpg,3
110-1.jpg,4
110-10.jpg,3
110-2.jpg,3
110-3.jpg,3
110-4.jpg,3
110-5.jpg,3
110-6.jpg,3
110-7.jpg,3
110-8.jpg,3
110-9.jpg,3
11-1.jpg,2
11-10.jpg,2
111-1.jpg,3
111-10.jpg,3
111-2.jpg,2
111-3.jpg,3
111-4.jpg,2
111-5.jpg,3
111-6.jpg,3
111-7.jpg,3
111-8.jpg,3
111-9.jpg,3
11-2.jpg,2
112-1.jpg,4
112-10.jpg,4
112-2.jpg,4
112-3.jpg,4
112-4.jpg,4
112-5.jpg,4
112-6.jpg,4
112-7.jpg,4
112-8.jpg,4
112-9.jpg,4
11-3.jpg,2
113-1.jpg,1
113-10.jpg,1
113-2.jpg,1
113-3.jpg,1
113-4.jpg,1
113-5.jpg,1
113-6.jpg,1
113-7.jpg,1
113-8.jpg,1
113-9.jpg,1
11-4.jpg,2
114-1.jpg,3
114-10.jpg,3
114-2.jpg,3
114-3.jpg,2
114-4.jpg,2
114-5.jpg,3
114-6.jpg,3
114-7.jpg,3
114-8.jpg,3
114-9.jpg,1
11-5.jpg,2
115-1.jpg,3
115-10.jpg,2
115-2.jpg,3
115-3.jpg,2
115-4.jpg,3
115-5.jpg,3
115-6.jpg,2
115-7.jpg,3
115-8.jpg,2
115-9.jpg,1
11-6.jpg,2
116-1.jpg,2
116-10.jpg,1
116-2.jpg,2
116-3.jpg,2
116-4.jpg,1
116-5.jpg,2
116-6.jpg,2
116-7.jpg,2
116-8.jpg,2
116-9.jpg,2
11-7.jpg,2
117-1.jpg,4
117-10.jpg,4
117-2.jpg,4
117-3.jpg,4
117-4.jpg,4
117-5.jpg,4
117-6.jpg,4
117-7.jpg,4
117-8.jpg,4
117-9.jpg,4
11-8.jpg,2
118-1.jpg,3
118-10.jpg,4
118-2.jpg,4
118-3.jpg,4
118-4.jpg,4
118-5.jpg,4
118-6.jpg,3
118-7.jpg,3
118-8.jpg,4
118-9.jpg,4
11-9.jpg,2
119-1.jpg,2
119-10.jpg,1
119-2.jpg,1
119-3.jpg,1
119-4.jpg,2
119-5.jpg,1
119-6.jpg,1
119-7.jpg,2
119-8.jpg,1
119-9.jpg,2
1-2.jpg,3
120-1.jpg,1
120-10.jpg,1
120-2.jpg,2
120-3.jpg,1
120-4.jpg,1
120-5.jpg,2
120-6.jpg,1
120-7.jpg,1
120-8.jpg,1
120-9.jpg,2
12-1.jpg,2
12-10.jpg,2
121-1.jpg,4
121-10.jpg,4
121-2.jpg,4
121-3.jpg,2
121-4.jpg,2
121-5.jpg,4
121-6.jpg,4
121-7.jpg,4
121-8.jpg,4
121-9.jpg,4
12-2.jpg,1
122-1.jpg,1
122-10.jpg,2
122-2.jpg,2
122-3.jpg,3
122-4.jpg,1
122-5.jpg,3
122-6.jpg,3
122-7.jpg,3
122-8.jpg,1
122-9.jpg,1
12-3.jpg,2
123-1.jpg,1
123-10.jpg,1
123-2.jpg,1
123-3.jpg,1
123-4.jpg,1
123-5.jpg,1
123-6.jpg,1
123-7.jpg,1
123-8.jpg,1
123-9.jpg,1
12-4.jpg,1
124-1.jpg,2
124-10.jpg,2
124-2.jpg,2
124-3.jpg,3
124-4.jpg,2
124-5.jpg,2
124-6.jpg,2
124-7.jpg,2
124-8.jpg,2
124-9.jpg,3
12-5.jpg,2
125-1.jpg,2
125-10.jpg,2
125-2.jpg,2
125-3.jpg,1
125-4.jpg,2
125-5.jpg,2
125-6.jpg,2
125-7.jpg,2
125-8.jpg,1
125-9.jpg,2
12-6.jpg,2
126-1.jpg,3
126-10.jpg,2
126-2.jpg,2
126-3.jpg,3
126-4.jpg,2
126-5.jpg,2
126-6.jpg,3
126-7.jpg,3
126-8.jpg,3
126-9.jpg,3
12-7.jpg,1
127-1.jpg,1
127-10.jpg,1
127-2.jpg,1
127-3.jpg,2
127-4.jpg,2
127-5.jpg,1
127-6.jpg,1
127-7.jpg,1
127-8.jpg,2
127-9.jpg,1
12-8.jpg,2
128-1.jpg,2
128-10.jpg,2
128-2.jpg,4
128-3.jpg,2
128-4.jpg,2
128-5.jpg,3
128-6.jpg,3
128-7.jpg,3
128-8.jpg,2
128-9.jpg,3
12-9.jpg,1
129-1.jpg,1
129-10.jpg,1
129-2.jpg,2
129-3.jpg,2
129-4.jpg,2
129-5.jpg,2
129-6.jpg,2
129-7.jpg,2
129-8.jpg,2
129-9.jpg,2
1-3.jpg,3
130-1.jpg,1
130-10.jpg,4
130-2.jpg,4
130-3.jpg,4
130-4.jpg,4
130-5.jpg,4
130-6.jpg,4
130-7.jpg,4
130-8.jpg,4
130-9.jpg,4
13-1.jpg,4
13-10.jpg,4
131-1.jpg,3
131-10.jpg,3
131-2.jpg,2
131-3.jpg,3
131-4.jpg,2
131-5.jpg,3
131-6.jpg,4
131-7.jpg,4
131-8.jpg,3
131-9.jpg,3
13-2.jpg,4
132-1.jpg,3
132-10.jpg,3
132-2.jpg,3
132-3.jpg,2
132-4.jpg,2
132-5.jpg,3
132-6.jpg,1
132-7.jpg,3
132-8.jpg,2
132-9.jpg,2
13-3.jpg,4
133-1.jpg,2
133-10.jpg,2
133-2.jpg,1
133-3.jpg,2
133-4.jpg,1
133-5.jpg,1
133-6.jpg,1
133-7.jpg,2
133-8.jpg,1
133-9.jpg,2
13-4.jpg,4
134-1.jpg,3
134-10.jpg,2
134-2.jpg,2
134-3.jpg,2
134-4.jpg,2
134-5.jpg,2
134-6.jpg,2
134-7.jpg,2
134-8.jpg,3
134-9.jpg,1
13-5.jpg,4
135-1.jpg,4
135-10.jpg,3
135-2.jpg,2
135-3.jpg,4
135-4.jpg,3
135-5.jpg,4
135-6.jpg,4
135-7.jpg,4
135-8.jpg,3
135-9.jpg,4
13-6.jpg,4
136-1.jpg,2
136-10.jpg,2
136-2.jpg,2
136-3.jpg,2
136-4.jpg,2
136-5.jpg,2
136-6.jpg,2
136-7.jpg,2
136-8.jpg,2
136-9.jpg,2
13-7.jpg,4
137-1.jpg,4
137-10.jpg,4
137-2.jpg,4
137-3.jpg,4
137-4.jpg,4
137-5.jpg,4
137-6.jpg,4
137-7.jpg,4
137-8.jpg,4
137-9.jpg,1
13-8.jpg,4
138-1.jpg,3
138-10.jpg,2
138-2.jpg,3
138-3.jpg,3
138-4.jpg,3
138-5.jpg,3
138-6.jpg,3
138-7.jpg,3
138-8.jpg,3
138-9.jpg,2
13-9.jpg,4
139-1.jpg,2
139-10.jpg,1
139-2.jpg,2
139-3.jpg,2
139-4.jpg,2
139-5.jpg,2
139-6.jpg,1
139-7.jpg,2
139-8.jpg,1
139-9.jpg,2
1-4.jpg,3
140-1.jpg,3
140-10.jpg,3
140-2.jpg,1
140-3.jpg,3
140-4.jpg,3
140-5.jpg,4
140-6.jpg,2
140-7.jpg,3
140-8.jpg,2
140-9.jpg,3
14-1.jpg,2
14-10.jpg,2
141-1.jpg,1
141-10.jpg,1
141-2.jpg,1
141-3.jpg,2
141-4.jpg,2
141-5.jpg,1
141-6.jpg,1
141-7.jpg,1
141-8.jpg,1
141-9.jpg,2
14-2.jpg,1
142-1.jpg,3
142-10.jpg,2
142-2.jpg,2
142-3.jpg,2
142-4.jpg,3
142-5.jpg,3
142-6.jpg,3
142-7.jpg,3
142-8.jpg,3
142-9.jpg,2
14-3.jpg,2
143-1.jpg,3
143-10.jpg,2
143-2.jpg,1
143-3.jpg,2
143-4.jpg,3
143-5.jpg,1
143-6.jpg,3
143-7.jpg,2
143-8.jpg,2
143-9.jpg,2
14-4.jpg,2
144-1.jpg,1
144-10.jpg,1
144-2.jpg,1
144-3.jpg,1
144-4.jpg,1
144-5.jpg,1
144-6.jpg,1
144-7.jpg,1
144-8.jpg,1
144-9.jpg,1
14-5.jpg,2
145-1.jpg,3
145-10.jpg,2
145-2.jpg,2
145-3.jpg,2
145-4.jpg,2
145-5.jpg,2
145-6.jpg,2
145-7.jpg,1
145-8.jpg,3
145-9.jpg,2
14-6.jpg,2
146-1.jpg,2
146-10.jpg,2
146-2.jpg,2
146-3.jpg,2
146-4.jpg,2
146-5.jpg,2
146-6.jpg,2
146-7.jpg,2
146-8.jpg,2
146-9.jpg,2
14-7.jpg,2
147-1.jpg,4
147-10.jpg,4
147-2.jpg,4
147-3.jpg,4
147-4.jpg,4
147-5.jpg,4
147-6.jpg,4
147-7.jpg,4
147-8.jpg,4
147-9.jpg,4
14-8.jpg,2
148-1.jpg,2
148-10.jpg,2
148-2.jpg,1
148-3.jpg,2
148-4.jpg,2
148-5.jpg,2
148-6.jpg,1
148-7.jpg,1
148-8.jpg,2
148-9.jpg,2
14-9.jpg,2
149-1.jpg,3
149-10.jpg,3
149-2.jpg,3
149-3.jpg,3
149-4.jpg,3
149-5.jpg,3
149-6.jpg,2
149-7.jpg,3
149-8.jpg,3
149-9.jpg,3
1-5.jpg,3
150-1.jpg,2
150-10.jpg,2
150-2.jpg,2
150-3.jpg,2
150-4.jpg,2
150-5.jpg,2
150-6.jpg,2
150-7.jpg,2
150-8.jpg,2
150-9.jpg,2
15-1.jpg,2
15-10.jpg,2
151-1.jpg,2
151-10.jpg,1
151-2.jpg,2
151-3.jpg,2
151-4.jpg,1
151-5.jpg,2
151-6.jpg,2
151-7.jpg,2
151-8.jpg,2
151-9.jpg,2
15-2.jpg,1
152-1.jpg,3
152-10.jpg,4
152-2.jpg,3
152-3.jpg,3
152-4.jpg,1
152-5.jpg,3
152-6.jpg,4
152-7.jpg,1
152-8.jpg,3
152-9.jpg,4
15-3.jpg,2
153-1.jpg,4
153-10.jpg,4
153-2.jpg,3
153-3.jpg,4
153-4.jpg,4
153-5.jpg,4
153-6.jpg,4
153-7.jpg,3
153-8.jpg,4
153-9.jpg,4
15-4.jpg,1
154-1.jpg,4
154-10.jpg,4
154-2.jpg,4
154-3.jpg,4
154-4.jpg,4
154-5.jpg,4
154-6.jpg,4
154-7.jpg,4
154-8.jpg,4
154-9.jpg,4
15-5.jpg,2
155-1.jpg,2
155-10.jpg,2
155-2.jpg,2
155-3.jpg,2
155-4.jpg,2
155-5.jpg,2
155-6.jpg,2
155-7.jpg,2
155-8.jpg,2
155-9.jpg,2
15-6.jpg,2
156-1.jpg,3
156-10.jpg,3
156-2.jpg,3
156-3.jpg,3
156-4.jpg,3
156-5.jpg,2
156-6.jpg,2
156-7.jpg,2
156-8.jpg,2
156-9.jpg,2
15-7.jpg,2
157-1.jpg,2
157-10.jpg,1
157-2.jpg,2
157-3.jpg,2
157-4.jpg,1
157-5.jpg,3
157-6.jpg,1
157-7.jpg,2
157-8.jpg,1
157-9.jpg,1
15-8.jpg,2
158-1.jpg,2
158-10.jpg,2
158-2.jpg,1
158-3.jpg,2
158-4.jpg,1
158-5.jpg,2
158-6.jpg,2
158-7.jpg,2
158-8.jpg,2
158-9.jpg,2
15-9.jpg,2
159-1.jpg,1
159-10.jpg,2
159-2.jpg,1
159-3.jpg,1
159-4.jpg,1
159-5.jpg,1
159-6.jpg,1
159-7.jpg,1
159-8.jpg,1
159-9.jpg,1
1-6.jpg,3
160-1.jpg,3
160-10.jpg,1
160-2.jpg,2
160-3.jpg,3
160-4.jpg,4
160-5.jpg,4
160-6.jpg,3
160-7.jpg,3
160-8.jpg,3
160-9.jpg,1
16-1.jpg,2
16-10.jpg,2
161-1.jpg,3
161-10.jpg,2
161-2.jpg,3
161-3.jpg,3
161-4.jpg,1
161-5.jpg,2
161-6.jpg,3
161-7.jpg,2
161-8.jpg,3
161-9.jpg,3
16-2.jpg,3
162-1.jpg,2
162-10.jpg,1
162-2.jpg,1
162-3.jpg,1
162-4.jpg,1
162-5.jpg,1
162-6.jpg,2
162-7.jpg,1
162-8.jpg,2
162-9.jpg,1
16-3.jpg,2
163-1.jpg,1
163-10.jpg,1
163-2.jpg,1
163-3.jpg,1
163-4.jpg,1
163-5.jpg,1
163-6.jpg,1
163-7.jpg,1
163-8.jpg,1
163-9.jpg,1
16-4.jpg,2
164-1.jpg,2
164-10.jpg,1
164-2.jpg,2
164-3.jpg,1
164-4.jpg,2
164-5.jpg,1
164-6.jpg,2
164-7.jpg,2
164-8.jpg,2
164-9.jpg,1
16-5.jpg,2
165-1.jpg,1
165-10.jpg,3
165-2.jpg,2
165-3.jpg,1
165-4.jpg,2
165-5.jpg,3
165-6.jpg,2
165-7.jpg,1
165-8.jpg,3
165-9.jpg,2
16-6.jpg,2
166-1.jpg,4
166-10.jpg,4
166-2.jpg,4
166-3.jpg,4
166-4.jpg,4
166-5.jpg,4
166-6.jpg,4
166-7.jpg,4
166-8.jpg,4
166-9.jpg,4
16-7.jpg,2
167-1.jpg,3
167-10.jpg,2
167-2.jpg,1
167-3.jpg,3
167-4.jpg,1
167-5.jpg,3
167-6.jpg,1
167-7.jpg,1
167-8.jpg,3
167-9.jpg,2
16-8.jpg,2
168-1.jpg,2
168-10.jpg,4
168-2.jpg,3
168-3.jpg,3
168-4.jpg,3
168-5.jpg,2
168-6.jpg,4
168-7.jpg,3
168-8.jpg,2
168-9.jpg,2
16-9.jpg,2
169-1.jpg,2
169-10.jpg,2
169-2.jpg,2
169-3.jpg,2
169-4.jpg,2
169-5.jpg,1
169-6.jpg,1
169-7.jpg,1
169-8.jpg,2
169-9.jpg,2
1-7.jpg,2
170-1.jpg,1
170-10.jpg,1
170-2.jpg,3
170-3.jpg,3
170-4.jpg,2
170-5.jpg,2
170-6.jpg,1
170-7.jpg,2
170-8.jpg,1
170-9.jpg,1
17-1.jpg,4
17-10.jpg,4
171-1.jpg,1
171-10.jpg,1
171-2.jpg,1
171-3.jpg,1
171-4.jpg,1
171-5.jpg,1
171-6.jpg,1
171-7.jpg,2
171-8.jpg,1
171-9.jpg,1
17-2.jpg,4
172-1.jpg,1
172-10.jpg,2
172-2.jpg,1
172-3.jpg,2
172-4.jpg,1
172-5.jpg,1
172-6.jpg,1
172-7.jpg,2
172-8.jpg,1
172-9.jpg,1
17-3.jpg,4
173-1.jpg,2
173-10.jpg,2
173-2.jpg,2
173-3.jpg,2
173-4.jpg,2
173-5.jpg,2
173-6.jpg,1
173-7.jpg,1
173-8.jpg,2
173-9.jpg,1
17-4.jpg,4
174-1.jpg,1
174-10.jpg,2
174-2.jpg,1
174-3.jpg,1
174-4.jpg,1
174-5.jpg,2
174-6.jpg,2
174-7.jpg,1
174-8.jpg,1
174-9.jpg,1
17-5.jpg,4
175-1.jpg,4
175-10.jpg,4
175-2.jpg,4
175-3.jpg,4
175-4.jpg,4
175-5.jpg,4
175-6.jpg,4
175-7.jpg,4
175-8.jpg,4
175-9.jpg,4
17-6.jpg,4
176-1.jpg,1
176-10.jpg,2
176-2.jpg,3
176-3.jpg,3
176-4.jpg,2
176-5.jpg,2
176-6.jpg,2
176-7.jpg,3
176-8.jpg,1
176-9.jpg,1
17-7.jpg,4
177-1.jpg,3
177-10.jpg,3
177-2.jpg,2
177-3.jpg,2
177-4.jpg,2
177-5.jpg,3
177-6.jpg,3
177-7.jpg,3
177-8.jpg,3
177-9.jpg,3
17-8.jpg,4
178-1.jpg,2
178-10.jpg,2
178-2.jpg,2
178-3.jpg,2
178-4.jpg,1
178-5.jpg,2
178-6.jpg,2
178-7.jpg,2
178-8.jpg,2
178-9.jpg,2
17-9.jpg,4
179-1.jpg,3
179-10.jpg,3
179-2.jpg,3
179-3.jpg,2
179-4.jpg,3
179-5.jpg,3
179-6.jpg,3
179-7.jpg,3
179-8.jpg,2
179-9.jpg,2
1-8.jpg,3
180-1.jpg,2
180-10.jpg,3
180-2.jpg,3
180-3.jpg,3
180-4.jpg,3
180-5.jpg,2
180-6.jpg,3
180-7.jpg,3
180-8.jpg,3
180-9.jpg,3
18-1.jpg,4
18-10.jpg,4
181-1.jpg,1
181-10.jpg,2
181-2.jpg,2
181-3.jpg,2
181-4.jpg,2
181-5.jpg,1
181-6.jpg,2
181-7.jpg,2
181-8.jpg,2
181-9.jpg,2
18-2.jpg,4
182-1.jpg,3
182-10.jpg,2
182-2.jpg,3
182-3.jpg,3
182-4.jpg,3
182-5.jpg,3
182-6.jpg,2
182-7.jpg,3
182-8.jpg,3
182-9.jpg,3
18-3.jpg,4
183-1.jpg,3
183-10.jpg,3
183-2.jpg,3
183-3.jpg,3
183-4.jpg,3
183-5.jpg,2
183-6.jpg,3
183-7.jpg,3
183-8.jpg,3
183-9.jpg,3
18-4.jpg,4
184-1.jpg,2
184-10.jpg,2
184-2.jpg,2
184-3.jpg,2
184-4.jpg,2
184-5.jpg,2
184-6.jpg,2
184-7.jpg,2
184-8.jpg,2
184-9.jpg,2
18-5.jpg,4
185-1.jpg,2
185-10.jpg,2
185-2.jpg,3
185-3.jpg,2
185-4.jpg,2
185-5.jpg,2
185-6.jpg,2
185-7.jpg,2
185-8.jpg,2
185-9.jpg,3
18-6.jpg,4
186-1.jpg,2
186-10.jpg,3
186-2.jpg,2
186-3.jpg,3
186-4.jpg,3
186-5.jpg,2
186-6.jpg,2
186-7.jpg,2
186-8.jpg,3
186-9.jpg,3
18-7.jpg,4
187-1.jpg,3
187-10.jpg,3
187-2.jpg,2
187-3.jpg,2
187-4.jpg,2
187-5.jpg,3
187-6.jpg,2
187-7.jpg,2
187-8.jpg,3
187-9.jpg,2
18-8.jpg,4
188-1.jpg,2
188-10.jpg,2
188-2.jpg,2
188-3.jpg,2
188-4.jpg,2
188-5.jpg,2
188-6.jpg,2
188-7.jpg,2
188-8.jpg,2
188-9.jpg,2
18-9.jpg,4
189-1.jpg,2
189-10.jpg,3
189-2.jpg,2
189-3.jpg,2
189-4.jpg,3
189-5.jpg,1
189-6.jpg,2
189-7.jpg,2
189-8.jpg,2
189-9.jpg,3
1-9.jpg,2
190-1.jpg,3
190-10.jpg,3
190-2.jpg,2
190-3.jpg,3
190-4.jpg,3
190-5.jpg,3
190-6.jpg,3
190-7.jpg,3
190-8.jpg,3
190-9.jpg,3
19-1.jpg,3
19-10.jpg,4
191-1.jpg,1
191-10.jpg,2
191-2.jpg,2
191-3.jpg,2
191-4.jpg,1
191-5.jpg,1
191-6.jpg,2
191-7.jpg,1
191-8.jpg,2
191-9.jpg,1
19-2.jpg,4
192-1.jpg,2
192-10.jpg,2
192-2.jpg,2
192-3.jpg,2
192-4.jpg,2
192-5.jpg,2
192-6.jpg,3
192-7.jpg,3
192-8.jpg,3
192-9.jpg,2
19-3.jpg,4
193-1.jpg,1
193-10.jpg,2
193-2.jpg,1
193-3.jpg,1
193-4.jpg,1
193-5.jpg,2
193-6.jpg,1
193-7.jpg,1
193-8.jpg,1
193-9.jpg,1
19-4.jpg,4
194-1.jpg,2
194-10.jpg,2
194-2.jpg,2
194-3.jpg,2
194-4.jpg,1
194-5.jpg,2
194-6.jpg,1
194-7.jpg,2
194-8.jpg,2
194-9.jpg,2
19-5.jpg,4
195-1.jpg,2
195-10.jpg,2
195-2.jpg,2
195-3.jpg,2
195-4.jpg,2
195-5.jpg,2
195-6.jpg,2
195-7.jpg,2
195-8.jpg,2
195-9.jpg,2
19-6.jpg,4
196-1.jpg,2
196-10.jpg,2
196-2.jpg,2
196-3.jpg,2
196-4.jpg,2
196-5.jpg,1
196-6.jpg,2
196-7.jpg,2
196-8.jpg,2
196-9.jpg,2
19-7.jpg,4
197-1.jpg,3
197-10.jpg,3
197-2.jpg,1
197-3.jpg,3
197-4.jpg,1
197-5.jpg,2
197-6.jpg,2
197-7.jpg,2
197-8.jpg,2
197-9.jpg,1
19-8.jpg,3
198-1.jpg,3
198-10.jpg,3
198-2.jpg,2
198-3.jpg,1
198-4.jpg,2
198-5.jpg,3
198-6.jpg,3
198-7.jpg,3
198-8.jpg,2
198-9.jpg,3
19-9.jpg,4
199-1.jpg,1
199-10.jpg,1
199-2.jpg,1
199-3.jpg,2
199-4.jpg,2
199-5.jpg,2
199-6.jpg,1
199-7.jpg,2
199-8.jpg,1
199-9.jpg,2
200-1.jpg,2
200-10.jpg,1
200-2.jpg,2
200-3.jpg,2
200-4.jpg,1
200-5.jpg,1
200-6.jpg,2
200-7.jpg,2
200-8.jpg,1
200-9.jpg,1
20-1.jpg,4
20-10.jpg,4
201-1.jpg,2
201-10.jpg,1
201-2.jpg,1
201-3.jpg,1
201-4.jpg,1
201-5.jpg,1
201-6.jpg,2
201-7.jpg,1
201-8.jpg,1
201-9.jpg,2
20-2.jpg,4
202-1.jpg,1
202-10.jpg,1
202-2.jpg,3
202-3.jpg,3
202-4.jpg,3
202-5.jpg,3
202-6.jpg,2
202-7.jpg,3
202-8.jpg,2
202-9.jpg,3
20-3.jpg,3
203-1.jpg,3
203-10.jpg,3
203-2.jpg,3
203-3.jpg,3
203-4.jpg,3
203-5.jpg,3
203-6.jpg,3
203-7.jpg,3
203-8.jpg,3
203-9.jpg,3
20-4.jpg,3
204-1.jpg,2
204-10.jpg,2
204-2.jpg,2
204-3.jpg,2
204-4.jpg,2
204-5.jpg,2
204-6.jpg,2
204-7.jpg,2
204-8.jpg,3
204-9.jpg,2
20-5.jpg,4
205-1.jpg,1
205-10.jpg,1
205-2.jpg,1
205-3.jpg,1
205-4.jpg,1
205-5.jpg,1
205-6.jpg,1
205-7.jpg,1
205-8.jpg,1
205-9.jpg,2
20-6.jpg,4
206-1.jpg,3
206-10.jpg,3
206-2.jpg,3
206-3.jpg,3
206-4.jpg,2
206-5.jpg,3
206-6.jpg,3
206-7.jpg,2
206-8.jpg,3
206-9.jpg,3
20-7.jpg,3
207-1.jpg,2
207-10.jpg,3
207-2.jpg,2
207-3.jpg,3
207-4.jpg,2
207-5.jpg,3
207-6.jpg,3
207-7.jpg,3
207-8.jpg,3
207-9.jpg,3
20-8.jpg,3
208-1.jpg,3
208-10.jpg,3
208-2.jpg,3
208-3.jpg,4
208-4.jpg,3
208-5.jpg,3
208-6.jpg,3
208-7.jpg,3
208-8.jpg,3
208-9.jpg,3
20-9.jpg,4
209-1.jpg,1
209-10.jpg,2
209-2.jpg,1
209-3.jpg,2
209-4.jpg,2
209-5.jpg,1
209-6.jpg,2
209-7.jpg,2
209-8.jpg,2
209-9.jpg,2
2-1.jpg,2
2-10.jpg,1
210-1.jpg,3
210-10.jpg,3
210-2.jpg,3
210-3.jpg,3
210-4.jpg,3
210-5.jpg,3
210-6.jpg,1
210-7.jpg,3
210-8.jpg,3
210-9.jpg,2
21-1.jpg,4
21-10.jpg,4
211-1.jpg,2
211-10.jpg,1
211-2.jpg,2
211-3.jpg,2
211-4.jpg,2
211-5.jpg,1
211-6.jpg,2
211-7.jpg,2
211-8.jpg,2
211-9.jpg,1
21-2.jpg,4
212-1.jpg,4
212-10.jpg,4
212-2.jpg,3
212-3.jpg,4
212-4.jpg,4
212-5.jpg,4
212-6.jpg,3
212-7.jpg,4
212-8.jpg,4
212-9.jpg,1
21-3.jpg,4
213-1.jpg,2
213-10.jpg,2
213-2.jpg,2
213-3.jpg,2
213-4.jpg,2
213-5.jpg,2
213-6.jpg,2
213-7.jpg,2
213-8.jpg,2
213-9.jpg,2
21-4.jpg,3
214-1.jpg,1
214-10.jpg,1
214-2.jpg,2
214-3.jpg,1
214-4.jpg,2
214-5.jpg,1
214-6.jpg,2
214-7.jpg,2
214-8.jpg,2
214-9.jpg,2
21-5.jpg,4
215-1.jpg,4
215-10.jpg,4
215-2.jpg,4
215-3.jpg,4
215-4.jpg,4
215-5.jpg,4
215-6.jpg,4
215-7.jpg,4
215-8.jpg,4
215-9.jpg,4
21-6.jpg,4
216-1.jpg,3
216-10.jpg,3
216-2.jpg,2
216-3.jpg,3
216-4.jpg,3
216-5.jpg,4
216-6.jpg,4
216-7.jpg,4
216-8.jpg,2
216-9.jpg,3
21-7.jpg,4
217-1.jpg,4
217-10.jpg,4
217-2.jpg,4
217-3.jpg,4
217-4.jpg,4
217-5.jpg,4
217-6.jpg,4
217-7.jpg,4
217-8.jpg,4
217-9.jpg,4
21-8.jpg,4
218-1.jpg,4
218-10.jpg,4
218-2.jpg,4
218-3.jpg,4
218-4.jpg,4
218-5.jpg,4
218-6.jpg,4
218-7.jpg,4
218-8.jpg,4
218-9.jpg,4
21-9.jpg,4
219-1.jpg,2
219-10.jpg,1
219-2.jpg,2
219-3.jpg,2
219-4.jpg,1
219-5.jpg,2
219-6.jpg,2
219-7.jpg,1
219-8.jpg,1
219-9.jpg,2
2-2.jpg,2
220-1.jpg,4
220-10.jpg,4
220-2.jpg,4
220-3.jpg,4
220-4.jpg,4
220-5.jpg,4
220-6.jpg,4
220-7.jpg,4
220-8.jpg,4
220-9.jpg,2
22-1.jpg,3
22-10.jpg,3
221-1.jpg,4
221-10.jpg,4
221-2.jpg,4
221-3.jpg,4
221-4.jpg,4
221-5.jpg,4
221-6.jpg,4
221-7.jpg,4
221-8.jpg,4
221-9.jpg,4
22-2.jpg,3
222-1.jpg,4
222-10.jpg,4
222-2.jpg,4
222-3.jpg,4
222-4.jpg,4
222-5.jpg,4
222-6.jpg,1
222-7.jpg,1
222-8.jpg,4
222-9.jpg,4
22-3.jpg,3
223-1.jpg,1
223-10.jpg,2
223-2.jpg,1
223-3.jpg,2
223-4.jpg,2
223-5.jpg,1
223-6.jpg,1
223-7.jpg,1
223-8.jpg,1
223-9.jpg,1
22-4.jpg,3
224-1.jpg,2
224-10.jpg,2
224-2.jpg,2
224-3.jpg,1
224-4.jpg,2
224-5.jpg,2
224-6.jpg,2
224-7.jpg,2
224-8.jpg,2
224-9.jpg,2
22-5.jpg,3
225-1.jpg,1
225-10.jpg,2
225-2.jpg,1
225-3.jpg,2
225-4.jpg,1
225-5.jpg,2
225-6.jpg,2
225-7.jpg,2
225-8.jpg,1
225-9.jpg,1
22-6.jpg,3
226-1.jpg,1
226-10.jpg,1
226-2.jpg,1
226-3.jpg,1
226-4.jpg,1
226-5.jpg,1
226-6.jpg,1
226-7.jpg,1
226-8.jpg,1
226-9.jpg,1
22-7.jpg,3
227-1.jpg,2
227-10.jpg,2
227-2.jpg,3
227-3.jpg,2
227-4.jpg,2
227-5.jpg,2
227-6.jpg,3
227-7.jpg,2
227-8.jpg,2
227-9.jpg,2
22-8.jpg,3
228-1.jpg,1
228-10.jpg,2
228-2.jpg,2
228-3.jpg,2
228-4.jpg,2
228-5.jpg,2
228-6.jpg,2
228-7.jpg,2
228-8.jpg,2
228-9.jpg,2
22-9.jpg,3
229-1.jpg,1
229-10.jpg,3
229-2.jpg,4
229-3.jpg,3
229-4.jpg,3
229-5.jpg,4
229-6.jpg,3
229-7.jpg,4
229-8.jpg,4
229-9.jpg,4
2-3.jpg,2
230-1.jpg,3
230-10.jpg,4
230-2.jpg,4
230-3.jpg,3
230-4.jpg,4
230-5.jpg,4
230-6.jpg,3
230-7.jpg,4
230-8.jpg,4
230-9.jpg,4
23-1.jpg,3
23-10.jpg,2
231-1.jpg,1
231-10.jpg,2
231-2.jpg,2
231-3.jpg,2
231-4.jpg,1
231-5.jpg,2
231-6.jpg,2
231-7.jpg,2
231-8.jpg,2
231-9.jpg,2
23-2.jpg,2
232-1.jpg,2
232-10.jpg,2
232-2.jpg,1
232-3.jpg,2
232-4.jpg,2
232-5.jpg,2
232-6.jpg,2
232-7.jpg,1
232-8.jpg,2
232-9.jpg,2
23-3.jpg,2
233-1.jpg,4
233-10.jpg,4
233-2.jpg,4
233-3.jpg,4
233-4.jpg,4
233-5.jpg,3
233-6.jpg,4
233-7.jpg,4
233-8.jpg,4
233-9.jpg,4
23-4.jpg,3
234-1.jpg,2
234-10.jpg,2
234-2.jpg,2
234-3.jpg,2
234-4.jpg,1
234-5.jpg,1
234-6.jpg,1
234-7.jpg,1
234-8.jpg,1
234-9.jpg,2
23-5.jpg,3
235-1.jpg,1
235-10.jpg,1
235-2.jpg,1
235-3.jpg,1
235-4.jpg,1
235-5.jpg,1
235-6.jpg,1
235-7.jpg,1
235-8.jpg,1
235-9.jpg,1
23-6.jpg,2
236-1.jpg,2
236-10.jpg,4
236-2.jpg,4
236-3.jpg,3
236-4.jpg,3
236-5.jpg,2
236-6.jpg,4
236-7.jpg,3
236-8.jpg,4
236-9.jpg,4
23-7.jpg,3
237-1.jpg,4
237-10.jpg,4
237-2.jpg,4
237-3.jpg,4
237-4.jpg,4
237-5.jpg,4
237-6.jpg,4
237-7.jpg,2
237-8.jpg,2
237-9.jpg,4
23-8.jpg,2
238-1.jpg,3
238-10.jpg,3
238-2.jpg,3
238-3.jpg,3
238-4.jpg,3
238-5.jpg,1
238-6.jpg,3
238-7.jpg,1
238-8.jpg,3
238-9.jpg,3
23-9.jpg,3
239-1.jpg,3
239-10.jpg,2
239-2.jpg,3
239-3.jpg,3
239-4.jpg,3
239-5.jpg,3
239-6.jpg,3
239-7.jpg,2
239-8.jpg,3
239-9.jpg,3
2-4.jpg,1
240-1.jpg,1
240-10.jpg,2
240-2.jpg,2
240-3.jpg,1
240-4.jpg,2
240-5.jpg,1
240-6.jpg,2
240-7.jpg,2
240-8.jpg,2
240-9.jpg,3
24-1.jpg,1
24-10.jpg,1
241-1.jpg,3
241-10.jpg,3
241-2.jpg,3
241-3.jpg,3
241-4.jpg,3
241-5.jpg,3
241-6.jpg,3
241-7.jpg,3
241-8.jpg,3
241-9.jpg,3
24-2.jpg,2
242-1.jpg,4
242-10.jpg,4
242-2.jpg,3
242-3.jpg,4
242-4.jpg,4
242-5.jpg,3
242-6.jpg,3
242-7.jpg,4
242-8.jpg,3
242-9.jpg,4
24-3.jpg,1
243-1.jpg,2
243-10.jpg,2
243-2.jpg,1
243-3.jpg,2
243-4.jpg,2
243-5.jpg,2
243-6.jpg,1
243-7.jpg,1
243-8.jpg,2
243-9.jpg,2
24-4.jpg,1
244-1.jpg,4
244-10.jpg,4
244-2.jpg,4
244-3.jpg,4
244-4.jpg,4
244-5.jpg,4
244-6.jpg,4
244-7.jpg,4
244-8.jpg,4
244-9.jpg,4
24-5.jpg,1
245-1.jpg,4
245-10.jpg,4
245-2.jpg,4
245-3.jpg,4
245-4.jpg,4
245-5.jpg,4
245-6.jpg,4
245-7.jpg,4
245-8.jpg,4
245-9.jpg,4
24-6.jpg,2
246-1.jpg,4
246-10.jpg,4
246-2.jpg,3
246-3.jpg,2
246-4.jpg,4
246-5.jpg,3
246-6.jpg,3
246-7.jpg,2
246-8.jpg,2
246-9.jpg,2
24-7.jpg,1
247-1.jpg,3
247-10.jpg,3
247-2.jpg,2
247-3.jpg,2
247-4.jpg,2
247-5.jpg,3
247-6.jpg,3
247-7.jpg,3
247-8.jpg,2
247-9.jpg,3
24-8.jpg,1
248-1.jpg,1
248-10.jpg,1
248-2.jpg,1
248-3.jpg,1
248-4.jpg,1
248-5.jpg,1
248-6.jpg,1
248-7.jpg,1
248-8.jpg,1
248-9.jpg,1
24-9.jpg,1
249-1.jpg,4
249-10.jpg,4
249-2.jpg,4
249-3.jpg,3
249-4.jpg,2
249-5.jpg,4
249-6.jpg,4
249-7.jpg,4
249-8.jpg,4
249-9.jpg,4
2-5.jpg,2
250-1.jpg,1
250-10.jpg,1
250-2.jpg,3
250-3.jpg,3
250-4.jpg,1
250-5.jpg,1
250-6.jpg,1
250-7.jpg,1
250-8.jpg,2
250-9.jpg,1
25-1.jpg,3
25-10.jpg,3
251-1.jpg,4
251-10.jpg,4
251-2.jpg,4
251-3.jpg,4
251-4.jpg,4
251-5.jpg,4
251-6.jpg,4
251-7.jpg,4
251-8.jpg,4
251-9.jpg,4
25-2.jpg,3
252-1.jpg,2
252-10.jpg,2
252-2.jpg,3
252-3.jpg,2
252-4.jpg,3
252-5.jpg,2
252-6.jpg,1
252-7.jpg,1
252-8.jpg,3
252-9.jpg,2
25-3.jpg,3
253-1.jpg,1
253-10.jpg,1
253-2.jpg,2
253-3.jpg,2
253-4.jpg,2
253-5.jpg,1
253-6.jpg,1
253-7.jpg,2
253-8.jpg,3
253-9.jpg,2
25-4.jpg,3
254-1.jpg,3
254-10.jpg,4
254-2.jpg,3
254-3.jpg,4
254-4.jpg,3
254-5.jpg,3
254-6.jpg,4
254-7.jpg,4
254-8.jpg,4
254-9.jpg,4
25-5.jpg,3
255-1.jpg,4
255-10.jpg,4
255-2.jpg,4
255-3.jpg,4
255-4.jpg,4
255-5.jpg,4
255-6.jpg,4
255-7.jpg,4
255-8.jpg,4
255-9.jpg,4
25-6.jpg,3
256-1.jpg,3
256-10.jpg,1
256-2.jpg,2
256-3.jpg,2
256-4.jpg,2
256-5.jpg,1
256-6.jpg,3
256-7.jpg,2
256-8.jpg,2
256-9.jpg,1
25-7.jpg,3
257-1.jpg,4
257-10.jpg,4
257-2.jpg,4
257-3.jpg,4
257-4.jpg,3
257-5.jpg,4
257-6.jpg,4
257-7.jpg,4
257-8.jpg,4
257-9.jpg,3
25-8.jpg,3
258-1.jpg,4
258-10.jpg,3
258-2.jpg,4
258-3.jpg,3
258-4.jpg,4
258-5.jpg,4
258-6.jpg,4
258-7.jpg,4
258-8.jpg,4
258-9.jpg,4
25-9.jpg,3
259-1.jpg,4
259-10.jpg,4
259-2.jpg,3
259-3.jpg,4
259-4.jpg,4
259-5.jpg,4
259-6.jpg,4
259-7.jpg,3
259-8.jpg,3
259-9.jpg,4
2-6.jpg,1
260-1.jpg,1
260-10.jpg,2
260-2.jpg,2
260-3.jpg,2
260-4.jpg,2
260-5.jpg,2
260-6.jpg,2
260-7.jpg,2
260-8.jpg,2
260-9.jpg,3
26-1.jpg,4
26-10.jpg,4
261-1.jpg,1
261-10.jpg,1
261-2.jpg,3
261-3.jpg,1
261-4.jpg,4
261-5.jpg,2
261-6.jpg,3
261-7.jpg,1
261-8.jpg,4
261-9.jpg,2
26-2.jpg,4
262-1.jpg,2
262-10.jpg,2
262-2.jpg,2
262-3.jpg,2
262-4.jpg,2
262-5.jpg,2
262-6.jpg,1
262-7.jpg,2
262-8.jpg,2
262-9.jpg,2
26-3.jpg,4
263-1.jpg,4
263-10.jpg,4
263-2.jpg,4
263-3.jpg,4
263-4.jpg,4
263-5.jpg,4
263-6.jpg,4
263-7.jpg,4
263-8.jpg,3
263-9.jpg,4
26-4.jpg,4
264-1.jpg,4
264-10.jpg,4
264-2.jpg,4
264-3.jpg,4
264-4.jpg,3
264-5.jpg,4
264-6.jpg,4
264-7.jpg,4
264-8.jpg,4
264-9.jpg,4
26-5.jpg,4
265-1.jpg,2
265-10.jpg,2
265-2.jpg,2
265-3.jpg,2
265-4.jpg,2
265-5.jpg,2
265-6.jpg,3
265-7.jpg,2
265-8.jpg,2
265-9.jpg,2
26-6.jpg,4
266-1.jpg,3
266-10.jpg,2
266-2.jpg,3
266-3.jpg,4
266-4.jpg,3
266-5.jpg,2
266-6.jpg,2
266-7.jpg,2
266-8.jpg,1
266-9.jpg,3
26-7.jpg,4
267-1.jpg,3
267-10.jpg,2
267-2.jpg,3
267-3.jpg,3
267-4.jpg,3
267-5.jpg,2
267-6.jpg,2
267-7.jpg,2
267-8.jpg,3
267-9.jpg,2
26-8.jpg,4
268-1.jpg,4
268-10.jpg,4
268-2.jpg,4
268-3.jpg,4
268-4.jpg,4
268-5.jpg,4
268-6.jpg,4
268-7.jpg,4
268-8.jpg,4
268-9.jpg,4
26-9.jpg,4
269-1.jpg,1
269-10.jpg,1
269-2.jpg,1
269-3.jpg,1
269-4.jpg,1
269-5.jpg,1
269-6.jpg,1
269-7.jpg,1
269-8.jpg,1
269-9.jpg,1
2-7.jpg,1
270-1.jpg,1
270-10.jpg,4
270-2.jpg,3
270-3.jpg,2
270-4.jpg,2
270-5.jpg,1
270-6.jpg,4
270-7.jpg,1
270-8.jpg,1
270-9.jpg,4
27-1.jpg,4
27-10.jpg,4
271-1.jpg,3
271-10.jpg,3
271-2.jpg,4
271-3.jpg,3
271-4.jpg,3
271-5.jpg,3
271-6.jpg,3
271-7.jpg,4
271-8.jpg,2
271-9.jpg,3
27-2.jpg,4
272-1.jpg,3
272-10.jpg,3
272-2.jpg,2
272-3.jpg,4
272-4.jpg,4
272-5.jpg,4
272-6.jpg,4
272-7.jpg,4
272-8.jpg,2
272-9.jpg,1
27-3.jpg,4
273-1.jpg,2
273-10.jpg,2
273-2.jpg,3
273-3.jpg,2
273-4.jpg,2
273-5.jpg,3
273-6.jpg,2
273-7.jpg,2
273-8.jpg,2
273-9.jpg,3
27-4.jpg,4
274-1.jpg,4
274-10.jpg,4
274-2.jpg,4
274-3.jpg,4
274-4.jpg,4
274-5.jpg,3
274-6.jpg,4
274-7.jpg,3
274-8.jpg,3
274-9.jpg,3
27-5.jpg,4
275-1.jpg,4
275-10.jpg,2
275-2.jpg,4
275-3.jpg,2
275-4.jpg,2
275-5.jpg,3
275-6.jpg,2
275-7.jpg,3
275-8.jpg,3
275-9.jpg,2
27-6.jpg,4
276-1.jpg,4
276-10.jpg,4
276-2.jpg,4
276-3.jpg,4
276-4.jpg,3
276-5.jpg,3
276-6.jpg,4
276-7.jpg,4
276-8.jpg,3
276-9.jpg,3
27-7.jpg,4
277-1.jpg,4
277-10.jpg,3
277-2.jpg,3
277-3.jpg,4
277-4.jpg,3
277-5.jpg,2
277-6.jpg,3
277-7.jpg,3
277-8.jpg,1
277-9.jpg,4
27-8.jpg,4
278-1.jpg,3
278-10.jpg,4
278-2.jpg,4
278-3.jpg,3
278-4.jpg,4
278-5.jpg,3
278-6.jpg,3
278-7.jpg,3
278-8.jpg,3
278-9.jpg,4
27-9.jpg,4
279-1.jpg,3
279-10.jpg,4
279-2.jpg,3
279-3.jpg,3
279-4.jpg,2
279-5.jpg,3
279-6.jpg,2
279-7.jpg,3
279-8.jpg,2
279-9.jpg,3
2-8.jpg,1
280-1.jpg,4
280-10.jpg,3
280-2.jpg,4
280-3.jpg,4
280-4.jpg,4
280-5.jpg,3
280-6.jpg,4
280-7.jpg,4
280-8.jpg,4
280-9.jpg,4
28-1.jpg,4
28-10.jpg,4
281-1.jpg,4
281-10.jpg,4
281-2.jpg,4
281-3.jpg,4
281-4.jpg,4
281-5.jpg,4
281-6.jpg,4
281-7.jpg,4
281-8.jpg,4
281-9.jpg,4
28-2.jpg,4
282-1.jpg,3
282-10.jpg,2
282-2.jpg,3
282-3.jpg,1
282-4.jpg,2
282-5.jpg,3
282-6.jpg,3
282-7.jpg,1
282-8.jpg,3
282-9.jpg,1
28-3.jpg,4
283-1.jpg,3
283-10.jpg,2
283-2.jpg,3
283-3.jpg,2
283-4.jpg,2
283-5.jpg,2
283-6.jpg,3
283-7.jpg,3
283-8.jpg,2
283-9.jpg,3
28-4.jpg,4
284-1.jpg,2
284-10.jpg,2
284-2.jpg,2
284-3.jpg,2
284-4.jpg,2
284-5.jpg,2
284-6.jpg,2
284-7.jpg,2
284-8.jpg,2
284-9.jpg,2
28-5.jpg,4
285-1.jpg,4
285-10.jpg,4
285-2.jpg,4
285-3.jpg,4
285-4.jpg,4
285-5.jpg,4
285-6.jpg,4
285-7.jpg,4
285-8.jpg,4
285-9.jpg,4
28-6.jpg,4
286-1.jpg,4
286-10.jpg,4
286-2.jpg,4
286-3.jpg,4
286-4.jpg,4
286-5.jpg,4
286-6.jpg,4
286-7.jpg,4
286-8.jpg,3
286-9.jpg,4
28-7.jpg,4
287-1.jpg,4
287-10.jpg,4
287-2.jpg,4
287-3.jpg,4
287-4.jpg,4
287-5.jpg,4
287-6.jpg,4
287-7.jpg,4
287-8.jpg,4
287-9.jpg,4
28-8.jpg,4
288-1.jpg,1
288-10.jpg,1
288-2.jpg,2
288-3.jpg,2
288-4.jpg,1
288-5.jpg,2
288-6.jpg,2
288-7.jpg,1
288-8.jpg,1
288-9.jpg,1
28-9.jpg,4
289-1.jpg,4
289-10.jpg,2
289-2.jpg,2
289-3.jpg,1
289-4.jpg,2
289-5.jpg,2
289-6.jpg,1
289-7.jpg,1
289-8.jpg,1
289-9.jpg,1
2-9.jpg,2
290-1.jpg,2
290-10.jpg,2
290-2.jpg,2
290-3.jpg,1
290-4.jpg,3
290-5.jpg,2
290-6.jpg,2
290-7.jpg,2
290-8.jpg,3
290-9.jpg,2
29-1.jpg,1
29-10.jpg,1
291-1.jpg,2
291-10.jpg,2
291-2.jpg,2
291-3.jpg,3
291-4.jpg,3
291-5.jpg,3
291-6.jpg,3
291-7.jpg,4
291-8.jpg,3
291-9.jpg,4
29-2.jpg,1
292-1.jpg,1
292-10.jpg,1
292-2.jpg,1
292-3.jpg,1
292-4.jpg,2
292-5.jpg,1
292-6.jpg,2
292-7.jpg,1
292-8.jpg,1
292-9.jpg,1
29-3.jpg,1
293-1.jpg,2
293-10.jpg,2
293-2.jpg,2
293-3.jpg,2
293-4.jpg,1
293-5.jpg,2
293-6.jpg,1
293-7.jpg,2
293-8.jpg,1
293-9.jpg,2
29-4.jpg,1
294-1.jpg,4
294-10.jpg,4
294-2.jpg,4
294-3.jpg,4
294-4.jpg,4
294-5.jpg,4
294-6.jpg,4
294-7.jpg,4
294-8.jpg,4
294-9.jpg,4
29-5.jpg,1
295-1.jpg,4
295-10.jpg,4
295-2.jpg,4
295-3.jpg,4
295-4.jpg,4
295-5.jpg,4
295-6.jpg,4
295-7.jpg,4
295-8.jpg,4
295-9.jpg,3
29-6.jpg,1
296-1.jpg,1
296-10.jpg,2
296-2.jpg,1
296-3.jpg,2
296-4.jpg,2
296-5.jpg,2
296-6.jpg,2
296-7.jpg,2
296-8.jpg,2
296-9.jpg,2
29-7.jpg,1
297-1.jpg,4
297-10.jpg,4
297-2.jpg,1
297-3.jpg,3
297-4.jpg,1
297-5.jpg,2
297-6.jpg,4
297-7.jpg,4
297-8.jpg,1
297-9.jpg,4
29-8.jpg,2
298-1.jpg,4
298-10.jpg,4
298-2.jpg,2
298-3.jpg,4
298-4.jpg,4
298-5.jpg,4
298-6.jpg,4
298-7.jpg,4
298-8.jpg,4
298-9.jpg,4
29-9.jpg,1
299-1.jpg,4
299-10.jpg,4
299-2.jpg,4
299-3.jpg,4
299-4.jpg,4
299-5.jpg,4
299-6.jpg,4
299-7.jpg,4
299-8.jpg,4
299-9.jpg,4
300-1.jpg,4
300-10.jpg,4
300-2.jpg,4
300-3.jpg,4
300-4.jpg,4
300-5.jpg,4
300-6.jpg,4
300-7.jpg,4
300-8.jpg,4
300-9.jpg,4
30-1.jpg,1
30-10.jpg,2
301-1.jpg,3
301-10.jpg,2
301-2.jpg,3
301-3.jpg,3
301-4.jpg,2
301-5.jpg,1
301-6.jpg,1
301-7.jpg,2
301-8.jpg,3
301-9.jpg,2
30-2.jpg,1
302-1.jpg,2
302-10.jpg,2
302-2.jpg,2
302-3.jpg,2
302-4.jpg,3
302-5.jpg,2
302-6.jpg,3
302-7.jpg,3
302-8.jpg,3
302-9.jpg,3
30-3.jpg,1
303-1.jpg,4
303-10.jpg,3
303-2.jpg,4
303-3.jpg,4
303-4.jpg,4
303-5.jpg,3
303-6.jpg,4
303-7.jpg,4
303-8.jpg,4
303-9.jpg,3
30-4.jpg,1
304-1.jpg,1
304-10.jpg,1
304-2.jpg,2
304-3.jpg,2
304-4.jpg,2
304-5.jpg,2
304-6.jpg,2
304-7.jpg,2
304-8.jpg,2
304-9.jpg,1
30-5.jpg,1
305-1.jpg,3
305-10.jpg,3
305-2.jpg,3
305-3.jpg,3
305-4.jpg,3
305-5.jpg,3
305-6.jpg,3
305-7.jpg,3
305-8.jpg,3
305-9.jpg,3
30-6.jpg,2
306-1.jpg,2
306-10.jpg,2
306-2.jpg,1
306-3.jpg,1
306-4.jpg,1
306-5.jpg,2
306-6.jpg,2
306-7.jpg,2
306-8.jpg,2
306-9.jpg,2
30-7.jpg,2
307-1.jpg,3
307-10.jpg,3
307-2.jpg,3
307-3.jpg,3
307-4.jpg,3
307-5.jpg,3
307-6.jpg,2
307-7.jpg,3
307-8.jpg,3
307-9.jpg,3
30-8.jpg,2
308-1.jpg,2
308-10.jpg,2
308-2.jpg,1
308-3.jpg,2
308-4.jpg,3
308-5.jpg,1
308-6.jpg,4
308-7.jpg,2
308-8.jpg,3
308-9.jpg,4
30-9.jpg,1
309-1.jpg,2
309-10.jpg,2
309-2.jpg,2
309-3.jpg,2
309-4.jpg,3
309-5.jpg,2
309-6.jpg,2
309-7.jpg,2
309-8.jpg,1
309-9.jpg,2
3-1.jpg,1
3-10.jpg,1
310-1.jpg,4
310-10.jpg,2
310-2.jpg,2
310-3.jpg,4
310-4.jpg,4
310-5.jpg,4
310-6.jpg,4
310-7.jpg,4
310-8.jpg,4
310-9.jpg,4
31-1.jpg,3
31-10.jpg,3
311-1.jpg,4
311-10.jpg,1
311-2.jpg,4
311-3.jpg,4
311-4.jpg,4
311-5.jpg,4
311-6.jpg,4
311-7.jpg,4
311-8.jpg,4
311-9.jpg,4
31-2.jpg,2
312-1.jpg,3
312-10.jpg,3
312-2.jpg,2
312-3.jpg,2
312-4.jpg,3
312-5.jpg,2
312-6.jpg,3
312-7.jpg,2
312-8.jpg,3
312-9.jpg,3
31-3.jpg,1
313-1.jpg,4
313-10.jpg,4
313-2.jpg,4
313-3.jpg,4
313-4.jpg,4
313-5.jpg,4
313-6.jpg,4
313-7.jpg,4
313-8.jpg,4
313-9.jpg,4
31-4.jpg,3
314-1.jpg,3
314-10.jpg,3
314-2.jpg,3
314-3.jpg,3
314-4.jpg,3
314-5.jpg,3
314-6.jpg,3
314-7.jpg,3
314-8.jpg,3
314-9.jpg,3
31-5.jpg,2
315-1.jpg,3
315-10.jpg,3
315-2.jpg,1
315-3.jpg,3
315-4.jpg,3
315-5.jpg,3
315-6.jpg,2
315-7.jpg,2
315-8.jpg,1
315-9.jpg,3
31-6.jpg,2
316-1.jpg,3
316-10.jpg,4
316-2.jpg,4
316-3.jpg,4
316-4.jpg,4
316-5.jpg,4
316-6.jpg,4
316-7.jpg,4
316-8.jpg,4
316-9.jpg,4
31-7.jpg,3
317-1.jpg,3
317-10.jpg,3
317-2.jpg,3
317-3.jpg,3
317-4.jpg,2
317-5.jpg,3
317-6.jpg,3
317-7.jpg,2
317-8.jpg,1
317-9.jpg,2
31-8.jpg,3
318-1.jpg,3
318-10.jpg,2
318-2.jpg,4
318-3.jpg,3
318-4.jpg,1
318-5.jpg,3
318-6.jpg,2
318-7.jpg,4
318-8.jpg,2
318-9.jpg,2
31-9.jpg,1
319-1.jpg,4
319-10.jpg,3
319-2.jpg,4
319-3.jpg,3
319-4.jpg,4
319-5.jpg,3
319-6.jpg,3
319-7.jpg,3
319-8.jpg,3
319-9.jpg,3
3-2.jpg,1
320-1.jpg,2
320-10.jpg,2
320-2.jpg,4
320-3.jpg,3
320-4.jpg,3
320-5.jpg,2
320-6.jpg,3
320-7.jpg,4
320-8.jpg,3
320-9.jpg,3
32-1.jpg,4
32-10.jpg,4
321-1.jpg,2
321-10.jpg,3
321-2.jpg,2
321-3.jpg,2
321-4.jpg,2
321-5.jpg,3
321-6.jpg,3
321-7.jpg,2
321-8.jpg,2
321-9.jpg,2
32-2.jpg,4
322-1.jpg,3
322-10.jpg,4
322-2.jpg,3
322-3.jpg,3
322-4.jpg,3
322-5.jpg,4
322-6.jpg,3
322-7.jpg,3
322-8.jpg,3
322-9.jpg,3
32-3.jpg,4
323-1.jpg,3
323-10.jpg,4
323-2.jpg,4
323-3.jpg,3
323-4.jpg,3
323-5.jpg,4
323-6.jpg,2
323-7.jpg,4
323-8.jpg,3
323-9.jpg,4
32-4.jpg,4
324-1.jpg,4
324-10.jpg,3
324-2.jpg,4
324-3.jpg,4
324-4.jpg,2
324-5.jpg,4
324-6.jpg,4
324-7.jpg,4
324-8.jpg,4
324-9.jpg,4
32-5.jpg,4
325-1.jpg,4
325-10.jpg,3
325-2.jpg,4
325-3.jpg,4
325-4.jpg,4
325-5.jpg,3
325-6.jpg,4
325-7.jpg,3
325-8.jpg,4
325-9.jpg,4
32-6.jpg,4
326-1.jpg,4
326-10.jpg,4
326-2.jpg,4
326-3.jpg,4
326-4.jpg,4
326-5.jpg,4
326-6.jpg,4
326-7.jpg,4
326-8.jpg,4
326-9.jpg,4
32-7.jpg,4
327-1.jpg,4
327-10.jpg,4
327-2.jpg,4
327-3.jpg,4
327-4.jpg,4
327-5.jpg,4
327-6.jpg,4
327-7.jpg,4
327-8.jpg,4
327-9.jpg,4
32-8.jpg,4
328-1.jpg,2
328-10.jpg,4
328-2.jpg,3
328-3.jpg,4
328-4.jpg,4
328-5.jpg,4
328-6.jpg,4
328-7.jpg,4
328-8.jpg,3
328-9.jpg,2
32-9.jpg,4
329-1.jpg,4
329-10.jpg,3
329-2.jpg,4
329-3.jpg,4
329-4.jpg,4
329-5.jpg,4
329-6.jpg,4
329-7.jpg,4
329-8.jpg,4
329-9.jpg,4
3-3.jpg,1
330-1.jpg,4
330-10.jpg,4
330-2.jpg,4
330-3.jpg,4
330-4.jpg,4
330-5.jpg,4
330-6.jpg,4
330-7.jpg,4
330-8.jpg,4
330-9.jpg,4
33-1.jpg,2
33-10.jpg,2
331-1.jpg,4
331-10.jpg,4
331-2.jpg,4
331-3.jpg,4
331-4.jpg,4
331-5.jpg,4
331-6.jpg,4
331-7.jpg,4
331-8.jpg,4
331-9.jpg,4
33-2.jpg,2
332-1.jpg,4
332-10.jpg,4
332-2.jpg,4
332-3.jpg,4
332-4.jpg,4
332-5.jpg,4
332-6.jpg,4
332-7.jpg,4
332-8.jpg,4
332-9.jpg,4
33-3.jpg,2
333-1.jpg,4
333-10.jpg,4
333-2.jpg,4
333-3.jpg,4
333-4.jpg,4
333-5.jpg,4
333-6.jpg,4
333-7.jpg,4
333-8.jpg,4
333-9.jpg,4
33-4.jpg,2
334-1.jpg,4
334-10.jpg,1
334-2.jpg,1
334-3.jpg,2
334-4.jpg,1
334-5.jpg,4
334-6.jpg,4
334-7.jpg,1
334-8.jpg,1
334-9.jpg,1
33-5.jpg,2
335-1.jpg,1
335-10.jpg,3
335-2.jpg,2
335-3.jpg,2
335-4.jpg,1
335-5.jpg,3
335-6.jpg,3
335-7.jpg,2
335-8.jpg,2
335-9.jpg,2
33-6.jpg,2
336-1.jpg,4
336-10.jpg,1
336-2.jpg,4
336-3.jpg,3
336-4.jpg,3
336-5.jpg,1
336-6.jpg,2
336-7.jpg,2
336-8.jpg,4
336-9.jpg,1
33-7.jpg,2
337-1.jpg,3
337-10.jpg,1
337-2.jpg,3
337-3.jpg,1
337-4.jpg,3
337-5.jpg,2
337-6.jpg,3
337-7.jpg,1
337-8.jpg,2
337-9.jpg,3
33-8.jpg,2
338-1.jpg,4
338-10.jpg,2
338-2.jpg,4
338-3.jpg,4
338-4.jpg,4
338-5.jpg,4
338-6.jpg,4
338-7.jpg,4
338-8.jpg,4
338-9.jpg,4
33-9.jpg,2
339-1.jpg,4
339-10.jpg,4
339-2.jpg,4
339-3.jpg,4
339-4.jpg,4
339-5.jpg,4
339-6.jpg,4
339-7.jpg,4
339-8.jpg,3
339-9.jpg,4
3-4.jpg,1
340-1.jpg,4
340-10.jpg,4
340-2.jpg,4
340-3.jpg,4
340-4.jpg,4
340-5.jpg,4
340-6.jpg,4
340-7.jpg,4
340-8.jpg,4
340-9.jpg,4
34-1.jpg,3
34-10.jpg,2
341-1.jpg,4
341-10.jpg,4
341-2.jpg,4
341-3.jpg,4
341-4.jpg,4
341-5.jpg,4
341-6.jpg,4
341-7.jpg,4
341-8.jpg,4
341-9.jpg,4
34-2.jpg,2
342-1.jpg,4
342-10.jpg,4
342-2.jpg,4
342-3.jpg,4
342-4.jpg,4
342-5.jpg,4
342-6.jpg,4
342-7.jpg,4
342-8.jpg,4
342-9.jpg,4
34-3.jpg,3
343-1.jpg,4
343-10.jpg,4
343-2.jpg,4
343-3.jpg,4
343-4.jpg,4
343-5.jpg,1
343-6.jpg,4
343-7.jpg,4
343-8.jpg,1
343-9.jpg,1
34-4.jpg,2
344-1.jpg,4
344-10.jpg,4
344-2.jpg,4
344-3.jpg,4
344-4.jpg,4
344-5.jpg,4
344-6.jpg,4
344-7.jpg,3
344-8.jpg,4
344-9.jpg,4
34-5.jpg,2
345-1.jpg,3
345-10.jpg,3
345-2.jpg,3
345-3.jpg,3
345-4.jpg,3
345-5.jpg,3
345-6.jpg,3
345-7.jpg,2
345-8.jpg,2
345-9.jpg,2
34-6.jpg,2
346-1.jpg,4
346-10.jpg,4
346-2.jpg,4
346-3.jpg,4
346-4.jpg,4
346-5.jpg,4
346-6.jpg,4
346-7.jpg,4
346-8.jpg,4
346-9.jpg,4
34-7.jpg,3
347-1.jpg,4
347-10.jpg,4
347-2.jpg,4
347-3.jpg,4
347-4.jpg,4
347-5.jpg,4
347-6.jpg,4
347-7.jpg,4
347-8.jpg,4
347-9.jpg,4
34-8.jpg,2
348-1.jpg,4
348-10.jpg,4
348-2.jpg,3
348-3.jpg,4
348-4.jpg,1
348-5.jpg,4
348-6.jpg,4
348-7.jpg,2
348-8.jpg,3
348-9.jpg,4
34-9.jpg,3
349-1.jpg,4
349-10.jpg,4
349-2.jpg,4
349-3.jpg,4
349-4.jpg,4
349-5.jpg,4
349-6.jpg,4
349-7.jpg,4
349-8.jpg,4
349-9.jpg,4
3-5.jpg,1
350-1.jpg,4
350-10.jpg,4
350-2.jpg,4
350-3.jpg,4
350-4.jpg,4
350-5.jpg,4
350-6.jpg,4
350-7.jpg,4
350-8.jpg,4
350-9.jpg,4
35-1.jpg,3
35-10.jpg,1
351-1.jpg,4
351-10.jpg,4
351-2.jpg,4
351-3.jpg,4
351-4.jpg,4
351-5.jpg,4
351-6.jpg,4
351-7.jpg,4
351-8.jpg,4
351-9.jpg,4
35-2.jpg,3
352-1.jpg,2
352-10.jpg,1
352-2.jpg,1
352-3.jpg,2
352-4.jpg,2
352-5.jpg,2
352-6.jpg,1
352-7.jpg,2
352-8.jpg,1
352-9.jpg,1
35-3.jpg,3
353-1.jpg,4
353-10.jpg,4
353-2.jpg,4
353-3.jpg,4
353-4.jpg,4
353-5.jpg,4
353-6.jpg,4
353-7.jpg,4
353-8.jpg,4
353-9.jpg,4
35-4.jpg,3
354-1.jpg,2
354-10.jpg,2
354-2.jpg,2
354-3.jpg,1
354-4.jpg,2
354-5.jpg,2
354-6.jpg,2
354-7.jpg,2
354-8.jpg,2
354-9.jpg,2
35-5.jpg,3
355-1.jpg,2
355-10.jpg,2
355-2.jpg,2
355-3.jpg,2
355-4.jpg,2
355-5.jpg,2
355-6.jpg,2
355-7.jpg,2
355-8.jpg,2
355-9.jpg,2
35-6.jpg,3
356-1.jpg,2
356-10.jpg,2
356-2.jpg,2
356-3.jpg,2
356-4.jpg,2
356-5.jpg,2
356-6.jpg,2
356-7.jpg,2
356-8.jpg,2
356-9.jpg,2
35-7.jpg,4
357-1.jpg,4
357-10.jpg,4
357-2.jpg,4
357-3.jpg,4
357-4.jpg,4
357-5.jpg,4
357-6.jpg,3
357-7.jpg,4
357-8.jpg,2
357-9.jpg,4
35-8.jpg,3
358-1.jpg,1
358-10.jpg,1
358-2.jpg,1
358-3.jpg,1
358-4.jpg,1
358-5.jpg,1
358-6.jpg,1
358-7.jpg,1
358-8.jpg,1
358-9.jpg,1
35-9.jpg,1
359-1.jpg,2
359-10.jpg,1
359-2.jpg,2
359-3.jpg,1
359-4.jpg,1
359-5.jpg,2
359-6.jpg,2
359-7.jpg,2
359-8.jpg,2
359-9.jpg,2
3-6.jpg,2
360-1.jpg,2
360-10.jpg,1
360-2.jpg,2
360-3.jpg,2
360-4.jpg,2
360-5.jpg,2
360-6.jpg,2
360-7.jpg,2
360-8.jpg,2
360-9.jpg,2
36-1.jpg,2
36-10.jpg,2
361-1.jpg,2
361-10.jpg,2
361-2.jpg,2
361-3.jpg,2
361-4.jpg,2
361-5.jpg,2
361-6.jpg,2
361-7.jpg,2
361-8.jpg,2
361-9.jpg,2
36-2.jpg,3
362-1.jpg,3
362-10.jpg,2
362-2.jpg,2
362-3.jpg,3
362-4.jpg,2
362-5.jpg,2
362-6.jpg,2
362-7.jpg,2
362-8.jpg,3
362-9.jpg,2
36-3.jpg,3
363-1.jpg,2
363-10.jpg,4
363-2.jpg,3
363-3.jpg,4
363-4.jpg,1
363-5.jpg,4
363-6.jpg,1
363-7.jpg,4
363-8.jpg,4
363-9.jpg,1
36-4.jpg,3
364-1.jpg,1
364-10.jpg,3
364-2.jpg,1
364-3.jpg,1
364-4.jpg,3
364-5.jpg,2
364-6.jpg,2
364-7.jpg,2
364-8.jpg,1
364-9.jpg,1
36-5.jpg,3
365-1.jpg,4
365-10.jpg,4
365-2.jpg,4
365-3.jpg,4
365-4.jpg,4
365-5.jpg,4
365-6.jpg,4
365-7.jpg,4
365-8.jpg,4
365-9.jpg,4
36-6.jpg,1
366-1.jpg,4
366-10.jpg,3
366-2.jpg,4
366-3.jpg,4
366-4.jpg,3
366-5.jpg,4
366-6.jpg,4
366-7.jpg,4
366-8.jpg,4
366-9.jpg,4
36-7.jpg,3
367-1.jpg,2
367-10.jpg,2
367-2.jpg,3
367-3.jpg,3
367-4.jpg,3
367-5.jpg,3
367-6.jpg,2
367-7.jpg,2
367-8.jpg,2
367-9.jpg,3
36-8.jpg,2
368-1.jpg,4
368-10.jpg,4
368-2.jpg,3
368-3.jpg,1
368-4.jpg,4
368-5.jpg,4
368-6.jpg,4
368-7.jpg,4
368-8.jpg,4
368-9.jpg,4
36-9.jpg,2
369-1.jpg,1
369-10.jpg,3
369-2.jpg,3
369-3.jpg,3
369-4.jpg,3
369-5.jpg,3
369-6.jpg,2
369-7.jpg,1
369-8.jpg,1
369-9.jpg,1
3-7.jpg,1
370-1.jpg,1
370-10.jpg,1
370-2.jpg,1
370-3.jpg,1
370-4.jpg,1
370-5.jpg,2
370-6.jpg,1
370-7.jpg,1
370-8.jpg,1
370-9.jpg,1
37-1.jpg,4
37-10.jpg,4
371-1.jpg,4
371-10.jpg,4
371-2.jpg,4
371-3.jpg,4
371-4.jpg,4
371-5.jpg,4
371-6.jpg,4
371-7.jpg,4
371-8.jpg,4
371-9.jpg,4
37-2.jpg,2
372-1.jpg,4
372-10.jpg,2
372-2.jpg,3
372-3.jpg,1
372-4.jpg,2
372-5.jpg,1
372-6.jpg,4
372-7.jpg,3
372-8.jpg,3
372-9.jpg,2
37-3.jpg,3
373-1.jpg,4
373-10.jpg,3
373-2.jpg,4
373-3.jpg,4
373-4.jpg,4
373-5.jpg,4
373-6.jpg,4
373-7.jpg,4
373-8.jpg,4
373-9.jpg,2
37-4.jpg,4
374-1.jpg,2
374-10.jpg,1
374-2.jpg,1
374-3.jpg,1
374-4.jpg,2
374-5.jpg,2
374-6.jpg,2
374-7.jpg,3
374-8.jpg,1
374-9.jpg,1
37-5.jpg,2
375-1.jpg,1
375-10.jpg,1
375-2.jpg,1
375-3.jpg,1
375-4.jpg,1
375-5.jpg,2
375-6.jpg,1
375-7.jpg,2
375-8.jpg,2
375-9.jpg,1
37-6.jpg,4
376-1.jpg,2
376-10.jpg,2
376-2.jpg,2
376-3.jpg,1
376-4.jpg,3
376-5.jpg,2
376-6.jpg,1
376-7.jpg,2
376-8.jpg,3
376-9.jpg,1
37-7.jpg,4
377-1.jpg,2
377-10.jpg,1
377-2.jpg,1
377-3.jpg,4
377-4.jpg,1
377-5.jpg,1
377-6.jpg,1
377-7.jpg,4
377-8.jpg,4
377-9.jpg,4
37-8.jpg,3
378-1.jpg,3
378-10.jpg,3
378-2.jpg,4
378-3.jpg,2
378-4.jpg,4
378-5.jpg,4
378-6.jpg,4
378-7.jpg,1
378-8.jpg,2
378-9.jpg,1
37-9.jpg,4
379-1.jpg,3
379-10.jpg,4
379-2.jpg,3
379-3.jpg,4
379-4.jpg,4
379-5.jpg,4
379-6.jpg,4
379-7.jpg,4
379-8.jpg,2
379-9.jpg,2
3-8.jpg,2
380-1.jpg,2
380-10.jpg,3
380-2.jpg,2
380-3.jpg,2
380-4.jpg,3
380-5.jpg,2
380-6.jpg,2
380-7.jpg,2
380-8.jpg,2
380-9.jpg,2
38-1.jpg,1
38-10.jpg,1
381-1.jpg,1
381-10.jpg,1
381-2.jpg,2
381-3.jpg,2
381-4.jpg,1
381-5.jpg,3
381-6.jpg,2
381-7.jpg,3
381-8.jpg,2
381-9.jpg,2
38-2.jpg,2
382-1.jpg,1
382-10.jpg,1
382-2.jpg,4
382-3.jpg,1
382-4.jpg,4
382-5.jpg,3
382-6.jpg,4
382-7.jpg,4
382-8.jpg,4
382-9.jpg,4
38-3.jpg,2
383-1.jpg,1
383-10.jpg,2
383-2.jpg,1
383-3.jpg,2
383-4.jpg,2
383-5.jpg,2
383-6.jpg,2
383-7.jpg,1
383-8.jpg,2
383-9.jpg,2
38-4.jpg,2
384-1.jpg,4
384-10.jpg,3
384-2.jpg,4
384-3.jpg,4
384-4.jpg,4
384-5.jpg,4
384-6.jpg,4
384-7.jpg,4
384-8.jpg,4
384-9.jpg,4
38-5.jpg,1
385-1.jpg,4
385-10.jpg,4
385-2.jpg,4
385-3.jpg,4
385-4.jpg,4
385-5.jpg,4
385-6.jpg,4
385-7.jpg,4
385-8.jpg,4
385-9.jpg,4
38-6.jpg,1
386-1.jpg,3
386-10.jpg,4
386-2.jpg,3
386-3.jpg,3
386-4.jpg,3
386-5.jpg,3
386-6.jpg,3
386-7.jpg,3
386-8.jpg,3
386-9.jpg,3
38-7.jpg,2
387-1.jpg,4
387-10.jpg,4
387-2.jpg,4
387-3.jpg,4
387-4.jpg,4
387-5.jpg,4
387-6.jpg,4
387-7.jpg,4
387-8.jpg,4
387-9.jpg,4
38-8.jpg,1
388-1.jpg,1
388-10.jpg,1
388-2.jpg,2
388-3.jpg,2
388-4.jpg,2
388-5.jpg,1
388-6.jpg,2
388-7.jpg,2
388-8.jpg,2
388-9.jpg,2
38-9.jpg,2
389-1.jpg,2
389-10.jpg,3
389-2.jpg,2
389-3.jpg,2
389-4.jpg,1
389-5.jpg,2
389-6.jpg,2
389-7.jpg,2
389-8.jpg,2
389-9.jpg,1
3-9.jpg,1
390-1.jpg,3
390-10.jpg,4
390-2.jpg,4
390-3.jpg,4
390-4.jpg,4
390-5.jpg,4
390-6.jpg,4
390-7.jpg,4
390-8.jpg,3
390-9.jpg,3
39-1.jpg,2
39-10.jpg,2
391-1.jpg,3
391-10.jpg,3
391-2.jpg,4
391-3.jpg,3
391-4.jpg,3
391-5.jpg,4
391-6.jpg,3
391-7.jpg,4
391-8.jpg,4
391-9.jpg,3
39-2.jpg,2
392-1.jpg,4
392-10.jpg,4
392-2.jpg,4
392-3.jpg,4
392-4.jpg,4
392-5.jpg,4
392-6.jpg,4
392-7.jpg,4
392-8.jpg,4
392-9.jpg,4
39-3.jpg,2
393-1.jpg,1
393-10.jpg,2
393-2.jpg,1
393-3.jpg,2
393-4.jpg,2
393-5.jpg,1
393-6.jpg,2
393-7.jpg,1
393-8.jpg,2
393-9.jpg,2
39-4.jpg,2
394-1.jpg,4
394-10.jpg,4
394-2.jpg,4
394-3.jpg,4
394-4.jpg,4
394-5.jpg,4
394-6.jpg,4
394-7.jpg,4
394-8.jpg,4
394-9.jpg,4
39-5.jpg,2
395-1.jpg,2
395-10.jpg,3
395-2.jpg,3
395-3.jpg,3
395-4.jpg,3
395-5.jpg,3
395-6.jpg,3
395-7.jpg,3
395-8.jpg,2
395-9.jpg,3
39-6.jpg,2
396-1.jpg,4
396-10.jpg,4
396-2.jpg,4
396-3.jpg,4
396-4.jpg,4
396-5.jpg,4
396-6.jpg,4
396-7.jpg,4
396-8.jpg,4
396-9.jpg,4
39-7.jpg,1
397-1.jpg,3
397-10.jpg,2
397-2.jpg,2
397-3.jpg,4
397-4.jpg,2
397-5.jpg,3
397-6.jpg,2
397-7.jpg,4
397-8.jpg,2
397-9.jpg,2
39-8.jpg,1
398-1.jpg,2
398-10.jpg,3
398-2.jpg,3
398-3.jpg,3
398-4.jpg,3
398-5.jpg,2
398-6.jpg,3
398-7.jpg,3
398-8.jpg,3
398-9.jpg,2
39-9.jpg,2
399-1.jpg,2
399-10.jpg,3
399-2.jpg,3
399-3.jpg,2
399-4.jpg,3
399-5.jpg,3
399-6.jpg,3
399-7.jpg,2
399-8.jpg,3
399-9.jpg,4
400-1.jpg,2
400-10.jpg,2
400-2.jpg,2
400-3.jpg,2
400-4.jpg,2
400-5.jpg,2
400-6.jpg,2
400-7.jpg,2
400-8.jpg,2
400-9.jpg,1
40-1.jpg,2
40-10.jpg,2
401-1.jpg,4
401-10.jpg,3
401-2.jpg,4
401-3.jpg,4
401-4.jpg,4
401-5.jpg,4
401-6.jpg,4
401-7.jpg,4
401-8.jpg,4
401-9.jpg,4
40-2.jpg,2
40-3.jpg,2
40-4.jpg,2
40-5.jpg,2
40-6.jpg,2
40-7.jpg,2
40-8.jpg,2
40-9.jpg,2
4-1.jpg,1
4-10.jpg,1
41-1.jpg,2
41-10.jpg,3
41-2.jpg,3
41-3.jpg,3
41-4.jpg,2
41-5.jpg,3
41-6.jpg,1
41-7.jpg,2
41-8.jpg,2
41-9.jpg,3
4-2.jpg,1
42-1.jpg,1
42-10.jpg,1
42-2.jpg,1
42-3.jpg,1
42-4.jpg,1
42-5.jpg,1
42-6.jpg,1
42-7.jpg,1
42-8.jpg,1
42-9.jpg,1
4-3.jpg,2
43-1.jpg,1
43-10.jpg,1
43-2.jpg,1
43-3.jpg,1
43-4.jpg,1
43-5.jpg,1
43-6.jpg,1
43-7.jpg,1
43-8.jpg,1
43-9.jpg,1
4-4.jpg,1
44-1.jpg,2
44-10.jpg,2
44-2.jpg,1
44-3.jpg,1
44-4.jpg,1
44-5.jpg,2
44-6.jpg,1
44-7.jpg,1
44-8.jpg,2
44-9.jpg,2
4-5.jpg,1
45-1.jpg,1
45-10.jpg,1
45-2.jpg,2
45-3.jpg,1
45-4.jpg,2
45-5.jpg,2
45-6.jpg,1
45-7.jpg,2
45-8.jpg,1
45-9.jpg,1
4-6.jpg,1
46-1.jpg,2
46-10.jpg,1
46-2.jpg,2
46-3.jpg,2
46-4.jpg,2
46-5.jpg,2
46-6.jpg,2
46-7.jpg,2
46-8.jpg,2
46-9.jpg,2
4-7.jpg,2
47-1.jpg,4
47-10.jpg,4
47-2.jpg,4
47-3.jpg,4
47-4.jpg,4
47-5.jpg,4
47-6.jpg,4
47-7.jpg,4
47-8.jpg,4
47-9.jpg,4
4-8.jpg,2
48-1.jpg,2
48-10.jpg,4
48-2.jpg,4
48-3.jpg,4
48-4.jpg,4
48-5.jpg,4
48-6.jpg,3
48-7.jpg,4
48-8.jpg,4
48-9.jpg,4
4-9.jpg,1
49-1.jpg,3
49-10.jpg,4
49-2.jpg,3
49-3.jpg,3
49-4.jpg,3
49-5.jpg,2
49-6.jpg,4
49-7.jpg,4
49-8.jpg,4
49-9.jpg,3
50-1.jpg,1
50-10.jpg,1
50-2.jpg,1
50-3.jpg,1
50-4.jpg,1
50-5.jpg,1
50-6.jpg,1
50-7.jpg,1
50-8.jpg,1
50-9.jpg,1
5-1.jpg,4
5-10.jpg,3
51-1.jpg,1
51-10.jpg,1
51-2.jpg,2
51-3.jpg,2
51-4.jpg,1
51-5.jpg,1
51-6.jpg,2
51-7.jpg,2
51-8.jpg,2
51-9.jpg,2
5-2.jpg,3
52-1.jpg,4
52-10.jpg,4
52-2.jpg,4
52-3.jpg,4
52-4.jpg,4
52-5.jpg,4
52-6.jpg,4
52-7.jpg,3
52-8.jpg,4
52-9.jpg,3
5-3.jpg,4
53-1.jpg,2
53-10.jpg,2
53-2.jpg,1
53-3.jpg,1
53-4.jpg,3
53-5.jpg,1
53-6.jpg,1
53-7.jpg,2
53-8.jpg,3
53-9.jpg,1
5-4.jpg,4
54-1.jpg,1
54-10.jpg,1
54-2.jpg,1
54-3.jpg,1
54-4.jpg,2
54-5.jpg,1
54-6.jpg,2
54-7.jpg,1
54-8.jpg,1
54-9.jpg,1
5-5.jpg,2
55-1.jpg,3
55-10.jpg,2
55-2.jpg,2
55-3.jpg,1
55-4.jpg,2
55-5.jpg,2
55-6.jpg,3
55-7.jpg,3
55-8.jpg,3
55-9.jpg,3
5-6.jpg,3
56-1.jpg,1
56-10.jpg,2
56-2.jpg,1
56-3.jpg,2
56-4.jpg,1
56-5.jpg,1
56-6.jpg,1
56-7.jpg,1
56-8.jpg,1
56-9.jpg,2
5-7.jpg,3
57-1.jpg,1
57-10.jpg,1
57-2.jpg,1
57-3.jpg,2
57-4.jpg,1
57-5.jpg,1
57-6.jpg,1
57-7.jpg,2
57-8.jpg,2
57-9.jpg,2
5-8.jpg,2
58-1.jpg,1
58-10.jpg,1
58-2.jpg,1
58-3.jpg,1
58-4.jpg,2
58-5.jpg,1
58-6.jpg,1
58-7.jpg,2
58-8.jpg,1
58-9.jpg,1
5-9.jpg,4
59-1.jpg,2
59-10.jpg,2
59-2.jpg,1
59-3.jpg,2
59-4.jpg,2
59-5.jpg,2
59-6.jpg,2
59-7.jpg,2
59-8.jpg,2
59-9.jpg,1
60-1.jpg,3
60-10.jpg,2
60-2.jpg,2
60-3.jpg,3
60-4.jpg,2
60-5.jpg,3
60-6.jpg,3
60-7.jpg,3
60-8.jpg,2
60-9.jpg,2
6-1.jpg,4
6-10.jpg,4
61-1.jpg,2
61-10.jpg,2
61-2.jpg,2
61-3.jpg,2
61-4.jpg,2
61-5.jpg,2
61-6.jpg,2
61-7.jpg,2
61-8.jpg,2
61-9.jpg,2
6-2.jpg,4
62-1.jpg,2
62-10.jpg,1
62-2.jpg,1
62-3.jpg,2
62-4.jpg,2
62-5.jpg,2
62-6.jpg,1
62-7.jpg,2
62-8.jpg,1
62-9.jpg,1
6-3.jpg,4
63-1.jpg,1
63-10.jpg,2
63-2.jpg,1
63-3.jpg,2
63-4.jpg,3
63-5.jpg,2
63-6.jpg,2
63-7.jpg,2
63-8.jpg,1
63-9.jpg,3
6-4.jpg,3
64-1.jpg,2
64-10.jpg,2
64-2.jpg,2
64-3.jpg,2
64-4.jpg,2
64-5.jpg,2
64-6.jpg,2
64-7.jpg,2
64-8.jpg,2
64-9.jpg,2
6-5.jpg,4
65-1.jpg,2
65-10.jpg,2
65-2.jpg,3
65-3.jpg,2
65-4.jpg,2
65-5.jpg,2
65-6.jpg,3
65-7.jpg,3
65-8.jpg,2
65-9.jpg,2
6-6.jpg,3
66-1.jpg,4
66-10.jpg,4
66-2.jpg,1
66-3.jpg,4
66-4.jpg,2
66-5.jpg,4
66-6.jpg,1
66-7.jpg,4
66-8.jpg,4
66-9.jpg,4
6-7.jpg,4
67-1.jpg,4
67-10.jpg,4
67-2.jpg,4
67-3.jpg,4
67-4.jpg,4
67-5.jpg,4
67-6.jpg,4
67-7.jpg,4
67-8.jpg,4
67-9.jpg,4
6-8.jpg,3
68-1.jpg,1
68-10.jpg,1
68-2.jpg,1
68-3.jpg,4
68-4.jpg,1
68-5.jpg,1
68-6.jpg,2
68-7.jpg,2
68-8.jpg,4
68-9.jpg,4
6-9.jpg,4
69-1.jpg,4
69-10.jpg,3
69-2.jpg,4
69-3.jpg,3
69-4.jpg,3
69-5.jpg,3
69-6.jpg,3
69-7.jpg,3
69-8.jpg,3
69-9.jpg,4
70-1.jpg,3
70-10.jpg,4
70-2.jpg,4
70-3.jpg,4
70-4.jpg,4
70-5.jpg,3
70-6.jpg,3
70-7.jpg,3
70-8.jpg,4
70-9.jpg,3
7-1.jpg,2
7-10.jpg,3
71-1.jpg,3
71-10.jpg,3
71-2.jpg,4
71-3.jpg,4
71-4.jpg,4
71-5.jpg,3
71-6.jpg,3
71-7.jpg,3
71-8.jpg,4
71-9.jpg,3
7-2.jpg,2
72-1.jpg,3
72-10.jpg,3
72-2.jpg,2
72-3.jpg,2
72-4.jpg,3
72-5.jpg,2
72-6.jpg,3
72-7.jpg,3
72-8.jpg,2
72-9.jpg,3
7-3.jpg,2
73-1.jpg,2
73-10.jpg,1
73-2.jpg,3
73-3.jpg,3
73-4.jpg,1
73-5.jpg,3
73-6.jpg,3
73-7.jpg,1
73-8.jpg,2
73-9.jpg,2
7-4.jpg,2
74-1.jpg,1
74-10.jpg,2
74-2.jpg,2
74-3.jpg,2
74-4.jpg,2
74-5.jpg,2
74-6.jpg,1
74-7.jpg,2
74-8.jpg,2
74-9.jpg,2
7-5.jpg,2
75-1.jpg,2
75-10.jpg,2
75-2.jpg,2
75-3.jpg,2
75-4.jpg,1
75-5.jpg,2
75-6.jpg,2
75-7.jpg,2
75-8.jpg,2
75-9.jpg,2
7-6.jpg,2
76-1.jpg,2
76-10.jpg,1
76-2.jpg,1
76-3.jpg,1
76-4.jpg,2
76-5.jpg,2
76-6.jpg,2
76-7.jpg,2
76-8.jpg,1
76-9.jpg,1
7-7.jpg,2
77-1.jpg,2
77-10.jpg,3
77-2.jpg,3
77-3.jpg,3
77-4.jpg,3
77-5.jpg,3
77-6.jpg,4
77-7.jpg,4
77-8.jpg,3
77-9.jpg,3
7-8.jpg,2
78-1.jpg,4
78-10.jpg,4
78-2.jpg,4
78-3.jpg,4
78-4.jpg,4
78-5.jpg,4
78-6.jpg,4
78-7.jpg,4
78-8.jpg,4
78-9.jpg,3
7-9.jpg,2
79-1.jpg,2
79-10.jpg,2
79-2.jpg,2
79-3.jpg,2
79-4.jpg,2
79-5.jpg,2
79-6.jpg,2
79-7.jpg,2
79-8.jpg,2
79-9.jpg,2
80-1.jpg,1
80-10.jpg,1
80-2.jpg,1
80-3.jpg,1
80-4.jpg,1
80-5.jpg,1
80-6.jpg,1
80-7.jpg,1
80-8.jpg,1
80-9.jpg,1
81-1.jpg,1
81-10.jpg,1
81-2.jpg,1
81-3.jpg,1
81-4.jpg,1
81-5.jpg,1
81-6.jpg,1
81-7.jpg,1
81-8.jpg,1
81-9.jpg,1
82-1.jpg,2
82-10.jpg,2
82-2.jpg,3
82-3.jpg,2
82-4.jpg,3
82-5.jpg,3
82-6.jpg,3
82-7.jpg,2
82-8.jpg,2
82-9.jpg,2
83-1.jpg,1
83-10.jpg,1
83-2.jpg,1
83-3.jpg,1
83-4.jpg,2
83-5.jpg,1
83-6.jpg,1
83-7.jpg,1
83-8.jpg,1
83-9.jpg,2
84-1.jpg,1
84-10.jpg,2
84-2.jpg,1
84-3.jpg,2
84-4.jpg,1
84-5.jpg,1
84-6.jpg,1
84-7.jpg,2
84-8.jpg,1
84-9.jpg,2
85-1.jpg,1
85-10.jpg,1
85-2.jpg,1
85-3.jpg,1
85-4.jpg,1
85-5.jpg,1
85-6.jpg,2
85-7.jpg,1
85-8.jpg,1
85-9.jpg,2
86-1.jpg,3
86-10.jpg,2
86-2.jpg,2
86-3.jpg,2
86-4.jpg,2
86-5.jpg,2
86-6.jpg,3
86-7.jpg,3
86-8.jpg,3
86-9.jpg,2
87-1.jpg,1
87-10.jpg,2
87-2.jpg,4
87-3.jpg,4
87-4.jpg,1
87-5.jpg,3
87-6.jpg,1
87-7.jpg,3
87-8.jpg,4
87-9.jpg,4
88-1.jpg,1
88-10.jpg,1
88-2.jpg,1
88-3.jpg,1
88-4.jpg,1
88-5.jpg,1
88-6.jpg,2
88-7.jpg,1
88-8.jpg,1
88-9.jpg,1
89-1.jpg,3
89-10.jpg,3
89-2.jpg,4
89-3.jpg,3
89-4.jpg,2
89-5.jpg,4
89-6.jpg,2
89-7.jpg,2
89-8.jpg,3
89-9.jpg,4
90-1.jpg,1
90-10.jpg,1
90-2.jpg,1
90-3.jpg,1
90-4.jpg,1
90-5.jpg,1
90-6.jpg,1
90-7.jpg,1
90-8.jpg,1
90-9.jpg,1
9-1.jpg,4
9-10.jpg,4
91-1.jpg,3
91-10.jpg,3
91-2.jpg,3
91-3.jpg,4
91-4.jpg,3
91-5.jpg,3
91-6.jpg,3
91-7.jpg,3
91-8.jpg,2
91-9.jpg,2
9-2.jpg,4
92-1.jpg,1
92-10.jpg,1
92-2.jpg,1
92-3.jpg,1
92-4.jpg,1
92-5.jpg,1
92-6.jpg,1
92-7.jpg,1
92-8.jpg,1
92-9.jpg,1
9-3.jpg,4
93-1.jpg,2
93-10.jpg,2
93-2.jpg,2
93-3.jpg,1
93-4.jpg,1
93-5.jpg,2
93-6.jpg,2
93-7.jpg,2
93-8.jpg,2
93-9.jpg,1
9-4.jpg,3
94-1.jpg,3
94-10.jpg,2
94-2.jpg,2
94-3.jpg,2
94-4.jpg,2
94-5.jpg,2
94-6.jpg,2
94-7.jpg,3
94-8.jpg,1
94-9.jpg,1
9-5.jpg,4
95-1.jpg,2
95-10.jpg,1
95-2.jpg,1
95-3.jpg,2
95-4.jpg,2
95-5.jpg,1
95-6.jpg,2
95-7.jpg,1
95-8.jpg,1
95-9.jpg,1
9-6.jpg,4
96-1.jpg,2
96-10.jpg,2
96-2.jpg,2
96-3.jpg,2
96-4.jpg,2
96-5.jpg,2
96-6.jpg,2
96-7.jpg,2
96-8.jpg,3
96-9.jpg,2
9-7.jpg,4
97-1.jpg,2
97-10.jpg,2
97-2.jpg,2
97-3.jpg,2
97-4.jpg,2
97-5.jpg,2
97-6.jpg,2
97-7.jpg,2
97-8.jpg,2
97-9.jpg,2
9-8.jpg,4
98-1.jpg,2
98-10.jpg,2
98-2.jpg,2
98-3.jpg,2
98-4.jpg,2
98-5.jpg,2
98-6.jpg,2
98-7.jpg,2
98-8.jpg,2
98-9.jpg,2
9-9.jpg,4
99-1.jpg,4
99-10.jpg,3
99-2.jpg,2
99-3.jpg,3
99-4.jpg,3
99-5.jpg,3
99-6.jpg,2
99-7.jpg,2
99-8.jpg,3
99-9.jpg,4
